Name,Maths,Science,English,Attendance,Total,Average
Sai,85,90,80,90,255,85.0
Ravi,78,88,75,85,241,80.33333333333333
Anu,92,95,85,95,272,90.66666666666667
Priya,70,65,60,80,195,65.0
Kiran,60,70,65,75,195,65.0
